{"cameraMode":{"drawMode":0,"name":"Shaded","section":"Shading Mode"},"sceneLighting":true,"audioPlay":false,"sceneViewState":{"m_AlwaysRefresh":false,"showFog":true,"showSkybox":true,"showFlares":true,"showImageEffects":true,"showParticleSystems":true,"showVisualEffectGraphs":true,"m_FxEnabled":true},"in2DMode":false,"pivot":{"x":173.96939086914063,"y":7.6992011070251469,"z":386.1580810546875},"rotation":{"x":-0.03536330536007881,"y":0.8935175538063049,"z":-0.07145456969738007,"w":-0.44194701313972475},"size":0.49196892976760867,"orthographic":false}